Time,Volume,Rate Constants
10.0,6.28,0.019744
15.0,8.99,0.019758
20.0,11.44,0.019755
25.0,13.65,0.019735
,Rate Constant = ,0.019748
